date,product_no,product_name,quantity,revenue
2026-07-01,11,[최대 25% 할인] 트리플콜라겐 오렌지,3,309414
2026-07-01,14,[25% 할인/공식몰 단독] 트리플콜라겐 오렌지 24주 (9+3박스),10,2857187
2026-07-01,70,[최대 25% 할인] 트리플샤인 포도,1,31410
2026-07-01,77,[25% 할인/공식몰 단독] 트리플샤인 포도 24주 (9+3박스),2,596790
2026-07-01,81,[정기구독] 트리플콜라겐 오렌지 4주 (2box),4,247543
2026-07-01,82,[정기구독] 트리플콜라겐 오렌지 12주 (5+1box),3,495450
2026-07-01,83,[정기구독] 트리플샤인 포도 4주 (2box),1,56364
2026-07-01,88,[최대 25% 할인] 글로우 시너지 세트,1,61218
2026-07-01,90,[25% 할인/공식몰 단독] 글로우 시너지 세트  12주 루틴 (6+6박스),4,1193714
2026-07-01,130,[정기구독] 트리플콜라겐 오렌지 24주 (9+3box),1,313785
2026-07-01,131,[정기구독] 트리플샤인 포도 24주 (9+3box),1,298395
2026-07-01,132,[정기구독] 글로우 시너지 세트 12주 루틴,1,273870
2026-07-01,136,오니스트 파우치 세트,3,61680
2026-07-01,195,[최대 25% 할인] 케라그로우 망고,3,188336
2026-07-01,198,[25% 할인/공식몰 단독] 케라그로우 망고 24주 (9+3박스),2,628200
2026-07-01,214,[Ownist Heart Edition] 오니스트 이너뷰티 3종 기프트 세트,1,86900
2026-07-01,215,[정기구독] 케라그로우 망고 4주 (2box),1,59679
2026-07-01,223,[25% 할인/공식몰 단독] 볼륨 시너지 세트  12주 루틴 (6+6박스),1,277092
2026-07-01,225,[최대 25% 할인] 볼륨 시너지 세트,3,410180
2026-07-01,243,[한정기획] 트리플샤인 Gift Set (Garden Edition),4,223120
2026-07-01,244,[한정기획] 케라그로우 Gift Set (Garden Edition),1,57900
2026-07-01,260,트리플샤인 포도 최대 31% 할인 -  미니피님 구독자 Secret Event,8,1017040
2026-07-01,261,트리플샤인 포도 최대 31% 할인 -  하요미님 구독자 Secret Event,2,459720
2026-07-02,11,[최대 25% 할인] 트리플콜라겐 오렌지,6,153237
2026-07-02,14,[25% 할인/공식몰 단독] 트리플콜라겐 오렌지 24주 (9+3박스),6,1848528
2026-07-02,70,[최대 25% 할인] 트리플샤인 포도,1,129600
2026-07-02,77,[25% 할인/공식몰 단독] 트리플샤인 포도 24주 (9+3박스),1,204165
2026-07-02,81,[정기구독] 트리플콜라겐 오렌지 4주 (2box),5,303328
2026-07-02,82,[정기구독] 트리플콜라겐 오렌지 12주 (5+1box),3,477100
2026-07-02,83,[정기구독] 트리플샤인 포도 4주 (2box),4,232087
2026-07-02,88,[최대 25% 할인] 글로우 시너지 세트,2,186160
2026-07-02,90,[25% 할인/공식몰 단독] 글로우 시너지 세트  12주 루틴 (6+6박스),2,560272
2026-07-02,105,[정기구독] 글로우 시너지 세트 6주 루틴,1,152142
2026-07-02,132,[정기구독] 글로우 시너지 세트 12주 루틴,1,273870
2026-07-02,136,오니스트 파우치 세트,3,193816
2026-07-02,165,[신규회원 전용] 오니스트 체험키트,1,0
2026-07-02,195,[최대 25% 할인] 케라그로우 망고,8,417019
2026-07-02,198,[25% 할인/공식몰 단독] 케라그로우 망고 24주 (9+3박스),2,596790
2026-07-02,214,[Ownist Heart Edition] 오니스트 이너뷰티 3종 기프트 세트,4,346600
2026-07-02,215,[정기구독] 케라그로우 망고 4주 (2box),1,56364
2026-07-02,216,[정기구독]  케라그로우 망고 12주 (5+1box),1,157050
2026-07-02,223,[25% 할인/공식몰 단독] 볼륨 시너지 세트  12주 루틴 (6+6박스),1,302200
2026-07-02,242,[한정기획] 트리플콜라겐 Gift Set (Garden Edition),1,49602
2026-07-02,244,[한정기획] 케라그로우 Gift Set (Garden Edition),1,47218
2026-07-02,253,[헤어루틴세트] 오니스트 케라그로우 14포 + 커리쉴 오일세럼 70ml + 헤어팩 100ml,1,56900
2026-07-03,11,[최대 25% 할인] 트리플콜라겐 오렌지,2,33030
2026-07-03,14,[25% 할인/공식몰 단독] 트리플콜라겐 오렌지 24주 (9+3박스),4,1208896
2026-07-03,15,오니스트 선물쇼핑백(L),1,3000
2026-07-03,70,[최대 25% 할인] 트리플샤인 포도,1,31410
2026-07-03,81,[정기구독] 트리플콜라겐 오렌지 4주 (2box),4,240570
2026-07-03,88,[최대 25% 할인] 글로우 시너지 세트,3,315040
2026-07-03,90,[25% 할인/공식몰 단독] 글로우 시너지 세트  12주 루틴 (6+6박스),3,589272
2026-07-03,105,[정기구독] 글로우 시너지 세트 6주 루틴,1,152142
2026-07-03,132,[정기구독] 글로우 시너지 세트 12주 루틴,1,273870
2026-07-03,195,[최대 25% 할인] 케라그로우 망고,6,436020
2026-07-03,214,[Ownist Heart Edition] 오니스트 이너뷰티 3종 기프트 세트,1,89900
2026-07-03,216,[정기구독]  케라그로우 망고 12주 (5+1box),1,165775
2026-07-03,217,[정기구독] 케라그로우 망고 24주 (9+3box),1,298395
2026-07-03,223,[25% 할인/공식몰 단독] 볼륨 시너지 세트  12주 루틴 (6+6박스),1,289980
2026-07-03,225,[최대 25% 할인] 볼륨 시너지 세트,1,110980
2026-07-03,242,[한정기획] 트리플콜라겐 Gift Set (Garden Edition),2,121800
2026-07-03,243,[한정기획] 트리플샤인 Gift Set (Garden Edition),1,53500
2026-07-03,244,[한정기획] 케라그로우 Gift Set (Garden Edition),1,47520
2026-07-03,257,[정기구독] 볼륨 시너지 세트 12주 루틴,1,306090
2026-07-03,261,트리플샤인 포도 최대 31% 할인 -  하요미님 구독자 Secret Event,2,113600
2026-07-03,262,[Eternal Beauty] 글로우 시너지 Gift Set,2,143200
2026-07-04,11,[최대 25% 할인] 트리플콜라겐 오렌지,4,520999
2026-07-04,14,[25% 할인/공식몰 단독] 트리플콜라겐 오렌지 24주 (9+3박스),9,2785498
2026-07-04,70,[최대 25% 할인] 트리플샤인 포도,2,153971
2026-07-04,77,[25% 할인/공식몰 단독] 트리플샤인 포도 24주 (9+3박스),2,563726
2026-07-04,81,[정기구독] 트리플콜라겐 오렌지 4주 (2box),1,66244
2026-07-04,84,[정기구독] 트리플샤인 포도 12주 (5+1box),2,322825
2026-07-04,88,[최대 25% 할인] 글로우 시너지 세트,4,343400
2026-07-04,90,[25% 할인/공식몰 단독] 글로우 시너지 세트  12주 루틴 (6+6박스),4,1128820
2026-07-04,132,[정기구독] 글로우 시너지 세트 12주 루틴,1,273870
2026-07-04,136,오니스트 파우치 세트,1,0
2026-07-04,195,[최대 25% 할인] 케라그로우 망고,1,31410
2026-07-04,198,[25% 할인/공식몰 단독] 케라그로우 망고 24주 (9+3박스),1,294100
2026-07-04,215,[정기구독] 케라그로우 망고 4주 (2box),2,119359
2026-07-04,223,[25% 할인/공식몰 단독] 볼륨 시너지 세트  12주 루틴 (6+6박스),1,302200
2026-07-04,242,[한정기획] 트리플콜라겐 Gift Set (Garden Edition),1,53664
2026-07-04,243,[한정기획] 트리플샤인 Gift Set (Garden Edition),1,59400
2026-07-04,253,[헤어루틴세트] 오니스트 케라그로우 14포 + 커리쉴 오일세럼 70ml + 헤어팩 100ml,1,56240
2026-07-05,11,[최대 25% 할인] 트리플콜라겐 오렌지,1,30030
2026-07-05,14,[25% 할인/공식몰 단독] 트리플콜라겐 오렌지 24주 (9+3박스),6,1897400
2026-07-05,70,[최대 25% 할인] 트리플샤인 포도,2,161010
2026-07-05,81,[정기구독] 트리플콜라겐 오렌지 4주 (2box),3,184786
2026-07-05,82,[정기구독] 트리플콜라겐 오렌지 12주 (5+1box),2,321125
2026-07-05,83,[정기구독] 트리플샤인 포도 4주 (2box),4,232087
2026-07-05,88,[최대 25% 할인] 글로우 시너지 세트,4,393760
2026-07-05,90,[25% 할인/공식몰 단독] 글로우 시너지 세트  12주 루틴 (6+6박스),4,1199770
2026-07-05,130,[정기구독] 트리플콜라겐 오렌지 24주 (9+3box),1,313785
2026-07-05,136,오니스트 파우치 세트,1,64680
2026-07-05,165,[신규회원 전용] 오니스트 체험키트,1,0
2026-07-05,195,[최대 25% 할인] 케라그로우 망고,6,188810
2026-07-05,198,[25% 할인/공식몰 단독] 케라그로우 망고 24주 (9+3박스),2,565380
2026-07-05,214,[Ownist Heart Edition] 오니스트 이너뷰티 3종 기프트 세트,1,0
2026-07-05,215,[정기구독] 케라그로우 망고 4주 (2box),2,116043
2026-07-05,223,[25% 할인/공식몰 단독] 볼륨 시너지 세트  12주 루틴 (6+6박스),2,579872
2026-07-05,243,[한정기획] 트리플샤인 Gift Set (Garden Edition),1,55820
2026-07-05,244,[한정기획] 케라그로우 Gift Set (Garden Edition),3,156860
2026-07-05,261,트리플샤인 포도 최대 31% 할인 -  하요미님 구독자 Secret Event,2,149960
2026-07-06,11,[최대 25% 할인] 트리플콜라겐 오렌지,5,466458
2026-07-06,14,[25% 할인/공식몰 단독] 트리플콜라겐 오렌지 24주 (9+3박스),9,2737598
2026-07-06,70,[최대 25% 할인] 트리플샤인 포도,2,45708
2026-07-06,77,[25% 할인/공식몰 단독] 트리플샤인 포도 24주 (9+3박스),1,282690
2026-07-06,81,[정기구독] 트리플콜라겐 오렌지 4주 (2box),2,125515
2026-07-06,82,[정기구독] 트리플콜라겐 오렌지 12주 (5+1box),3,486275
2026-07-06,83,[정기구독] 트리플샤인 포도 4주 (2box),1,62995
2026-07-06,88,[최대 25% 할인] 글로우 시너지 세트,4,261640
2026-07-06,90,[25% 할인/공식몰 단독] 글로우 시너지 세트  12주 루틴 (6+6박스),6,1737596
2026-07-06,195,[최대 25% 할인] 케라그로우 망고,2,151380
2026-07-06,225,[최대 25% 할인] 볼륨 시너지 세트,1,92830
2026-07-06,243,[한정기획] 트리플샤인 Gift Set (Garden Edition),1,58900
2026-07-06,261,트리플샤인 포도 최대 31% 할인 -  하요미님 구독자 Secret Event,1,236360
2026-07-07,11,[최대 25% 할인] 트리플콜라겐 오렌지,4,581028
2026-07-07,14,[25% 할인/공식몰 단독] 트리플콜라겐 오렌지 24주 (9+3박스),3,947900
2026-07-07,15,오니스트 선물쇼핑백(L),1,2759
2026-07-07,70,[최대 25% 할인] 트리플샤인 포도,3,83310
2026-07-07,77,[25% 할인/공식몰 단독] 트리플샤인 포도 24주 (9+3박스),1,314100
2026-07-07,81,[정기구독] 트리플콜라겐 오렌지 4주 (2box),2,118542
2026-07-07,82,[정기구독] 트리플콜라겐 오렌지 12주 (5+1box),2,321125
2026-07-07,88,[최대 25% 할인] 글로우 시너지 세트,1,106380
2026-07-07,90,[25% 할인/공식몰 단독] 글로우 시너지 세트  12주 루틴 (6+6박스),3,926740
2026-07-07,105,[정기구독] 글로우 시너지 세트 6주 루틴,1,152142
2026-07-07,130,[정기구독] 트리플콜라겐 오렌지 24주 (9+3box),1,313785
2026-07-07,131,[정기구독] 트리플샤인 포도 24주 (9+3box),1,266985
2026-07-07,132,[정기구독] 글로우 시너지 세트 12주 루틴,1,289980
2026-07-07,136,오니스트 파우치 세트,2,131100
2026-07-07,195,[최대 25% 할인] 케라그로우 망고,6,833116
2026-07-07,223,[25% 할인/공식몰 단독] 볼륨 시너지 세트  12주 루틴 (6+6박스),1,290000
2026-07-07,225,[최대 25% 할인] 볼륨 시너지 세트,2,150360
2026-07-07,243,[한정기획] 트리플샤인 Gift Set (Garden Edition),3,160320
2026-07-07,262,[Eternal Beauty] 글로우 시너지 Gift Set,1,65841
2026-07-08,11,[최대 25% 할인] 트리플콜라겐 오렌지,2,146924
2026-07-08,14,[25% 할인/공식몰 단독] 트리플콜라겐 오렌지 24주 (9+3박스),3,931870
2026-07-08,70,[최대 25% 할인] 트리플샤인 포도,1,24780
2026-07-08,77,[25% 할인/공식몰 단독] 트리플샤인 포도 24주 (9+3박스),1,282690
2026-07-08,81,[정기구독] 트리플콜라겐 오렌지 4주 (2box),2,122028
2026-07-08,90,[25% 할인/공식몰 단독] 글로우 시너지 세트  12주 루틴 (6+6박스),2,605980
2026-07-08,130,[정기구독] 트리플콜라겐 오렌지 24주 (9+3box),1,297270
2026-07-08,132,[정기구독] 글로우 시너지 세트 12주 루틴,1,306090
2026-07-08,195,[최대 25% 할인] 케라그로우 망고,2,161010
2026-07-08,198,[25% 할인/공식몰 단독] 케라그로우 망고 24주 (9+3박스),1,314100
2026-07-08,214,[Ownist Heart Edition] 오니스트 이너뷰티 3종 기프트 세트,1,68160
2026-07-09,11,[최대 25% 할인] 트리플콜라겐 오렌지,2,265250
2026-07-09,14,[25% 할인/공식몰 단독] 트리플콜라겐 오렌지 24주 (9+3박스),1,324500
2026-07-09,77,[25% 할인/공식몰 단독] 트리플샤인 포도 24주 (9+3박스),2,608200
2026-07-09,81,[정기구독] 트리플콜라겐 오렌지 4주 (2box),2,118542
2026-07-09,90,[25% 할인/공식몰 단독] 글로우 시너지 세트  12주 루틴 (6+6박스),3,893846
2026-07-09,132,[정기구독] 글로우 시너지 세트 12주 루틴,2,547740
2026-07-09,136,오니스트 파우치 세트,2,0
2026-07-09,195,[최대 25% 할인] 케라그로우 망고,1,134860
2026-07-09,244,[한정기획] 케라그로우 Gift Set (Garden Edition),1,56400
2026-07-10,14,[25% 할인/공식몰 단독] 트리플콜라겐 오렌지 24주 (9+3박스),5,1474065
2026-07-10,70,[최대 25% 할인] 트리플샤인 포도,1,23780
2026-07-10,81,[정기구독] 트리플콜라겐 오렌지 4주 (2box),3,177813
2026-07-10,82,[정기구독] 트리플콜라겐 오렌지 12주 (5+1box),1,165150
2026-07-10,88,[최대 25% 할인] 글로우 시너지 세트,1,68020
2026-07-10,90,[25% 할인/공식몰 단독] 글로우 시너지 세트  12주 루틴 (6+6박스),4,1165700
2026-07-10,105,[정기구독] 글로우 시너지 세트 6주 루틴,1,170041
2026-07-10,136,오니스트 파우치 세트,7,290476
2026-07-10,195,[최대 25% 할인] 케라그로우 망고,2,144610
2026-07-10,198,[25% 할인/공식몰 단독] 케라그로우 망고 24주 (9+3박스),1,294100
2026-07-10,223,[25% 할인/공식몰 단독] 볼륨 시너지 세트  12주 루틴 (6+6박스),1,322200
2026-07-10,242,[한정기획] 트리플콜라겐 Gift Set (Garden Edition),1,55600
2026-07-11,11,[최대 25% 할인] 트리플콜라겐 오렌지,1,33700
2026-07-11,14,[25% 할인/공식몰 단독] 트리플콜라겐 오렌지 24주 (9+3박스),3,967900
2026-07-11,70,[최대 25% 할인] 트리플샤인 포도,2,53820
2026-07-11,81,[정기구독] 트리플콜라겐 오렌지 4주 (2box),3,177813
2026-07-11,82,[정기구독] 트리플콜라겐 오렌지 12주 (5+1box),2,348650
2026-07-11,90,[25% 할인/공식몰 단독] 글로우 시너지 세트  12주 루틴 (6+6박스),1,257760
2026-07-11,105,[정기구독] 글로우 시너지 세트 6주 루틴,1,152142
2026-07-11,130,[정기구독] 트리플콜라겐 오렌지 24주 (9+3box),1,313785
2026-07-11,136,오니스트 파우치 세트,5,256012
2026-07-11,195,[최대 25% 할인] 케라그로우 망고,1,28410
2026-07-11,198,[25% 할인/공식몰 단독] 케라그로우 망고 24주 (9+3박스),1,278180
2026-07-12,11,[최대 25% 할인] 트리플콜라겐 오렌지,4,217140
2026-07-12,14,[25% 할인/공식몰 단독] 트리플콜라겐 오렌지 24주 (9+3박스),3,880292
2026-07-12,70,[최대 25% 할인] 트리플샤인 포도,2,153390
2026-07-12,77,[25% 할인/공식몰 단독] 트리플샤인 포도 24주 (9+3박스),1,279687
2026-07-12,81,[정기구독] 트리플콜라겐 오렌지 4주 (2box),3,191759
2026-07-12,82,[정기구독] 트리플콜라겐 오렌지 12주 (5+1box),1,165150
2026-07-12,83,[정기구독] 트리플샤인 포도 4주 (2box),2,119359
2026-07-12,90,[25% 할인/공식몰 단독] 글로우 시너지 세트  12주 루틴 (6+6박스),3,942400
2026-07-12,105,[정기구독] 글로우 시너지 세트 6주 루틴,1,170041
2026-07-12,132,[정기구독] 글로우 시너지 세트 12주 루틴,3,853830
2026-07-12,136,오니스트 파우치 세트,2,134700
2026-07-12,214,[Ownist Heart Edition] 오니스트 이너뷰티 3종 기프트 세트,1,80910
2026-07-12,215,[정기구독] 케라그로우 망고 4주 (2box),1,56364
2026-07-12,223,[25% 할인/공식몰 단독] 볼륨 시너지 세트  12주 루틴 (6+6박스),1,312200
2026-07-12,225,[최대 25% 할인] 볼륨 시너지 세트,1,68020
2026-07-12,231,오니스트 디스커버리 세트 (트리플콜라겐 1포 + 트리플샤인 1포 + 케라그로우 1포),1,3900
2026-07-12,242,[한정기획] 트리플콜라겐 Gift Set (Garden Edition),1,62400
2026-07-13,14,[25% 할인/공식몰 단독] 트리플콜라겐 오렌지 24주 (9+3박스),2,612358
2026-07-13,63,오니스트 선물쇼핑백(S),1,1828
2026-07-13,70,[최대 25% 할인] 트리플샤인 포도,5,397952
2026-07-13,81,[정기구독] 트리플콜라겐 오렌지 4주 (2box),3,177813
2026-07-13,83,[정기구독] 트리플샤인 포도 4주 (2box),3,169092
2026-07-13,90,[25% 할인/공식몰 단독] 글로우 시너지 세트  12주 루틴 (6+6박스),1,319200
2026-07-13,105,[정기구독] 글로우 시너지 세트 6주 루틴,1,152142
2026-07-13,130,[정기구독] 트리플콜라겐 오렌지 24주 (9+3box),2,611055
2026-07-13,132,[정기구독] 글로우 시너지 세트 12주 루틴,1,306090
2026-07-13,136,오니스트 파우치 세트,1,53144
2026-07-13,195,[최대 25% 할인] 케라그로우 망고,4,303853
2026-07-13,198,[25% 할인/공식몰 단독] 케라그로우 망고 24주 (9+3박스),1,314100
2026-07-13,214,[Ownist Heart Edition] 오니스트 이너뷰티 3종 기프트 세트,1,89900
2026-07-13,231,오니스트 디스커버리 세트 (트리플콜라겐 1포 + 트리플샤인 1포 + 케라그로우 1포),1,3900
2026-07-13,242,[한정기획] 트리플콜라겐 Gift Set (Garden Edition),2,111515
2026-07-13,243,[한정기획] 트리플샤인 Gift Set (Garden Edition),1,59400
2026-07-13,262,[Eternal Beauty] 글로우 시너지 Gift Set,1,68600
2026-07-13,264,[오니스트위크] 볼륨 시너지 세트,14,2520300
2026-07-13,265,[오니스트위크] 글로우 시너지 세트,35,5688010
2026-07-13,266,[오니스트위크] 케라그로우 망고,28,3269812
2026-07-13,267,[오니스트위크] 트리플샤인 포도,62,6540360
2026-07-13,268,[오니스트위크] 트리플콜라겐 오렌지,82,11606534
2026-07-13,269,[오니스트위크/한정수량] 트리플콜라겐 트로피컬 12주(6box),344,48691162
2026-07-13,270,클리어 스트랩 파우치 + 썸머 시즌 스티커,84,0
2026-07-13,271,클리어 스트랩 파우치 + 썸머 시즌 스티커 + 트로피컬 스크런치,41,0
2026-07-14,11,[최대 25% 할인] 트리플콜라겐 오렌지,2,56885
2026-07-14,70,[최대 25% 할인] 트리플샤인 포도,1,28410
2026-07-14,81,[정기구독] 트리플콜라겐 오렌지 4주 (2box),4,237084
2026-07-14,105,[정기구독] 글로우 시너지 세트 6주 루틴,1,152142
2026-07-14,131,[정기구독] 트리플샤인 포도 24주 (9+3box),1,282690
2026-07-14,132,[정기구독] 글로우 시너지 세트 12주 루틴,4,1143810
2026-07-14,136,오니스트 파우치 세트,2,0
2026-07-14,165,[신규회원 전용] 오니스트 체험키트,1,0
2026-07-14,215,[정기구독] 케라그로우 망고 4주 (2box),2,119358
2026-07-14,223,[25% 할인/공식몰 단독] 볼륨 시너지 세트  12주 루틴 (6+6박스),2,605580
2026-07-14,231,오니스트 디스커버리 세트 (트리플콜라겐 1포 + 트리플샤인 1포 + 케라그로우 1포),7,26736
2026-07-14,243,[한정기획] 트리플샤인 Gift Set (Garden Edition),1,53770
2026-07-14,264,[오니스트위크] 볼륨 시너지 세트,9,1443410
2026-07-14,265,[오니스트위크] 글로우 시너지 세트,59,9267078
2026-07-14,266,[오니스트위크] 케라그로우 망고,15,1458192
2026-07-14,267,[오니스트위크] 트리플샤인 포도,57,6212197
2026-07-14,268,[오니스트위크] 트리플콜라겐 오렌지,107,15248010
2026-07-14,269,[예약배송/한정수량] 트리플콜라겐 트로피컬 12주(6box),347,50856723
2026-07-14,270,클리어 스트랩 파우치 + 썸머 시즌 스티커,88,0
2026-07-14,271,클리어 스트랩 파우치 + 썸머 시즌 스티커 + 트로피컬 스크런치,37,0
2026-07-15,14,[25% 할인/공식몰 단독] 트리플콜라겐 오렌지 24주 (9+3박스),2,611750
2026-07-15,70,[최대 25% 할인] 트리플샤인 포도,1,34900
2026-07-15,81,[정기구독] 트리플콜라겐 오렌지 4주 (2box),7,414897
2026-07-15,83,[정기구독] 트리플샤인 포도 4주 (2box),1,56364
2026-07-15,130,[정기구독] 트리플콜라겐 오렌지 24주 (9+3box),1,280755
2026-07-15,132,[정기구독] 글로우 시너지 세트 12주 루틴,1,289980
2026-07-15,136,오니스트 파우치 세트,1,1344
2026-07-15,231,오니스트 디스커버리 세트 (트리플콜라겐 1포 + 트리플샤인 1포 + 케라그로우 1포),3,11596
2026-07-15,264,[오니스트위크] 볼륨 시너지 세트,8,1185410
2026-07-15,265,[오니스트위크] 글로우 시너지 세트,25,3890340
2026-07-15,266,[오니스트위크] 케라그로우 망고,15,1464264
2026-07-15,267,[오니스트위크] 트리플샤인 포도,41,4505009
2026-07-15,268,[오니스트위크] 트리플콜라겐 오렌지,40,5279403
2026-07-15,269,[예약배송/한정수량] 트리플콜라겐 트로피컬 12주(6box),176,25871914
2026-07-15,270,클리어 스트랩 파우치 + 썸머 시즌 스티커,56,0
2026-07-15,271,클리어 스트랩 파우치 + 썸머 시즌 스티커 + 트로피컬 스크런치,18,0
2026-07-16,11,[최대 25% 할인] 트리플콜라겐 오렌지,1,273600
2026-07-16,70,[최대 25% 할인] 트리플샤인 포도,1,34271
2026-07-16,81,[정기구독] 트리플콜라겐 오렌지 4주 (2box),1,59271
2026-07-16,195,[최대 25% 할인] 케라그로우 망고,2,66310
2026-07-16,214,[Ownist Heart Edition] 오니스트 이너뷰티 3종 기프트 세트,2,109700
2026-07-16,215,[정기구독] 케라그로우 망고 4주 (2box),1,56364
2026-07-16,225,[최대 25% 할인] 볼륨 시너지 세트,1,61218
2026-07-16,242,[한정기획] 트리플콜라겐 Gift Set (Garden Edition),1,3475
2026-07-16,244,[한정기획] 케라그로우 Gift Set (Garden Edition),2,6615
2026-07-16,264,[오니스트위크] 볼륨 시너지 세트,6,1024734
2026-07-16,265,[오니스트위크] 글로우 시너지 세트,23,2782356
2026-07-16,266,[오니스트위크] 케라그로우 망고,10,1512600
2026-07-16,267,[오니스트위크] 트리플샤인 포도,26,3195365
2026-07-16,268,[오니스트위크] 트리플콜라겐 오렌지,37,5792031
2026-07-16,269,[예약배송/한정수량] 트리플콜라겐 트로피컬 12주(6box),128,18794643
2026-07-16,270,클리어 스트랩 파우치 + 썸머 시즌 스티커,40,0
2026-07-16,271,클리어 스트랩 파우치 + 썸머 시즌 스티커 + 트로피컬 스크런치,16,0
2026-07-17,70,[최대 25% 할인] 트리플샤인 포도,1,139600
2026-07-17,81,[정기구독] 트리플콜라겐 오렌지 4주 (2box),1,59271
2026-07-17,83,[정기구독] 트리플샤인 포도 4주 (2box),1,56364
2026-07-17,90,[25% 할인/공식몰 단독] 글로우 시너지 세트  12주 루틴 (6+6박스),2,596300
2026-07-17,130,[정기구독] 트리플콜라겐 오렌지 24주 (9+3box),1,297270
2026-07-17,215,[정기구독] 케라그로우 망고 4주 (2box),2,112728
2026-07-17,264,[오니스트위크] 볼륨 시너지 세트,1,100500
2026-07-17,265,[오니스트위크] 글로우 시너지 세트,23,3843185
2026-07-17,266,[오니스트위크] 케라그로우 망고,16,2160700
2026-07-17,267,[오니스트위크] 트리플샤인 포도,20,2411771
2026-07-17,268,[오니스트위크] 트리플콜라겐 오렌지,27,3981207
2026-07-17,269,[예약배송/한정수량] 트리플콜라겐 트로피컬 12주(6box),106,15452697
2026-07-17,270,클리어 스트랩 파우치 + 썸머 시즌 스티커,42,0
2026-07-17,271,클리어 스트랩 파우치 + 썸머 시즌 스티커 + 트로피컬 스크런치,11,0
2026-07-18,11,[최대 25% 할인] 트리플콜라겐 오렌지,1,36700
2026-07-18,14,[25% 할인/공식몰 단독] 트리플콜라겐 오렌지 24주 (9+3박스),1,330300
2026-07-18,81,[정기구독] 트리플콜라겐 오렌지 4주 (2box),2,122028
2026-07-18,82,[정기구독] 트리플콜라겐 오렌지 12주 (5+1box),2,311950
2026-07-18,83,[정기구독] 트리플샤인 포도 4주 (2box),1,56364
2026-07-18,132,[정기구독] 글로우 시너지 세트 12주 루틴,2,563850
2026-07-18,136,오니스트 파우치 세트,1,66649
2026-07-18,215,[정기구독] 케라그로우 망고 4주 (2box),1,56364
2026-07-18,231,오니스트 디스커버리 세트 (트리플콜라겐 1포 + 트리플샤인 1포 + 케라그로우 1포),1,3900
2026-07-18,242,[한정기획] 트리플콜라겐 Gift Set (Garden Edition),1,59400
2026-07-18,264,[오니스트위크] 볼륨 시너지 세트,11,1329490
2026-07-18,265,[오니스트위크] 글로우 시너지 세트,15,2010683
2026-07-18,266,[오니스트위크] 케라그로우 망고,16,1837608
2026-07-18,267,[오니스트위크] 트리플샤인 포도,24,2336261
2026-07-18,268,[오니스트위크] 트리플콜라겐 오렌지,32,5342336
2026-07-18,269,[예약배송/한정수량] 트리플콜라겐 트로피컬 12주(6box),122,17895014
2026-07-18,270,클리어 스트랩 파우치 + 썸머 시즌 스티커,33,0
2026-07-18,271,클리어 스트랩 파우치 + 썸머 시즌 스티커 + 트로피컬 스크런치,17,0
2026-07-19,11,[최대 25% 할인] 트리플콜라겐 오렌지,4,365167
2026-07-19,14,[25% 할인/공식몰 단독] 트리플콜라겐 오렌지 24주 (9+3박스),1,322258
2026-07-19,70,[최대 25% 할인] 트리플샤인 포도,2,162328
2026-07-19,77,[25% 할인/공식몰 단독] 트리플샤인 포도 24주 (9+3박스),1,310908
2026-07-19,81,[정기구독] 트리플콜라겐 오렌지 4주 (2box),2,129001
2026-07-19,82,[정기구독] 트리플콜라겐 오렌지 12주 (5+1box),1,165150
2026-07-19,83,[정기구독] 트리플샤인 포도 4주 (2box),1,62995
2026-07-19,130,[정기구독] 트리플콜라겐 오렌지 24주 (9+3box),1,297270
2026-07-19,136,오니스트 파우치 세트,1,0
2026-07-19,195,[최대 25% 할인] 케라그로우 망고,1,32750
2026-07-19,216,[정기구독]  케라그로우 망고 12주 (5+1box),1,157050
2026-07-19,231,오니스트 디스커버리 세트 (트리플콜라겐 1포 + 트리플샤인 1포 + 케라그로우 1포),4,15447
2026-07-19,242,[한정기획] 트리플콜라겐 Gift Set (Garden Edition),2,114077
2026-07-19,243,[한정기획] 트리플샤인 Gift Set (Garden Edition),1,57266
2026-07-19,244,[한정기획] 케라그로우 Gift Set (Garden Edition),1,57266
2026-07-19,253,[헤어루틴세트] 오니스트 케라그로우 14포 + 커리쉴 오일세럼 70ml + 헤어팩 100ml,1,58442
2026-07-19,264,[오니스트위크] 볼륨 시너지 세트,11,2152841
2026-07-19,265,[오니스트위크] 글로우 시너지 세트,47,7224808
2026-07-19,266,[오니스트위크] 케라그로우 망고,34,3583789
2026-07-19,267,[오니스트위크] 트리플샤인 포도,46,5215732
2026-07-19,268,[오니스트위크] 트리플콜라겐 오렌지,66,10001146
2026-07-19,269,[예약배송/한정수량] 트리플콜라겐 트로피컬 12주(6box),218,31879141
2026-07-19,270,클리어 스트랩 파우치 + 썸머 시즌 스티커,75,0
2026-07-19,271,클리어 스트랩 파우치 + 썸머 시즌 스티커 + 트로피컬 스크런치,40,0
2026-07-20,11,[최대 25% 할인] 트리플콜라겐 오렌지,1,33030
2026-07-20,70,[최대 25% 할인] 트리플샤인 포도,2,66837
2026-07-20,81,[정기구독] 트리플콜라겐 오렌지 4주 (2box),2,118542
2026-07-20,82,[정기구독] 트리플콜라겐 오렌지 12주 (5+1box),2,339475
2026-07-20,83,[정기구독] 트리플샤인 포도 4주 (2box),1,56364
2026-07-20,88,[최대 25% 할인] 글로우 시너지 세트,1,97980
2026-07-20,105,[정기구독] 글로우 시너지 세트 6주 루틴,1,152142
2026-07-20,130,[정기구독] 트리플콜라겐 오렌지 24주 (9+3box),1,313785
2026-07-20,132,[정기구독] 글로우 시너지 세트 12주 루틴,1,273870
2026-07-20,136,오니스트 파우치 세트,1,0
2026-07-20,195,[최대 25% 할인] 케라그로우 망고,1,139600
2026-07-20,231,오니스트 디스커버리 세트 (트리플콜라겐 1포 + 트리플샤인 1포 + 케라그로우 1포),2,7800
2026-07-20,235,트리플샤인 포도 최대 31% 할인 - 구독자 Secret Event,1,113746
2026-07-20,242,[한정기획] 트리플콜라겐 Gift Set (Garden Edition),1,53664
2026-07-20,244,[한정기획] 케라그로우 Gift Set (Garden Edition),1,59400
2026-07-20,264,[오니스트위크] 볼륨 시너지 세트,26,4257325
2026-07-20,265,[오니스트위크] 글로우 시너지 세트,85,13387475
2026-07-20,266,[오니스트위크] 케라그로우 망고,44,5103532
2026-07-20,267,[오니스트위크] 트리플샤인 포도,77,9564014
2026-07-20,268,[오니스트위크] 트리플콜라겐 오렌지,123,19289062
2026-07-20,269,[오니스트위크/한정수량] 트리플콜라겐 트로피컬 12주(6box),273,39993112
2026-07-20,270,클리어 스트랩 파우치 + 썸머 시즌 스티커,146,0
2026-07-20,271,클리어 스트랩 파우치 + 썸머 시즌 스티커 + 트로피컬 스크런치,39,0
2026-07-21,11,[최대 25% 할인] 트리플콜라겐 오렌지,5,355031
2026-07-21,14,[25% 할인/공식몰 단독] 트리플콜라겐 오렌지 24주 (9+3박스),5,1501310
2026-07-21,82,[정기구독] 트리플콜라겐 오렌지 12주 (5+1box),2,339475
2026-07-21,83,[정기구독] 트리플샤인 포도 4주 (2box),1,56364
2026-07-21,88,[최대 25% 할인] 글로우 시너지 세트,1,66420
2026-07-21,105,[정기구독] 글로우 시너지 세트 6주 루틴,1,152142
2026-07-21,130,[정기구독] 트리플콜라겐 오렌지 24주 (9+3box),1,297270
2026-07-21,136,오니스트 파우치 세트,1,67680
2026-07-21,195,[최대 25% 할인] 케라그로우 망고,3,235360
2026-07-21,214,[Ownist Heart Edition] 오니스트 이너뷰티 3종 기프트 세트,1,86900
2026-07-21,231,오니스트 디스커버리 세트 (트리플콜라겐 1포 + 트리플샤인 1포 + 케라그로우 1포),1,3715
2026-07-21,242,[한정기획] 트리플콜라겐 Gift Set (Garden Edition),2,120883
2026-07-21,243,[한정기획] 트리플샤인 Gift Set (Garden Edition),2,115112
2026-07-21,265,[오니스트위크] 글로우 시너지 세트,1,212800
2026-07-21,266,[오니스트위크] 케라그로우 망고,1,219100
2026-07-21,267,[오니스트위크] 트리플샤인 포도,10,1562900
2026-07-21,268,[오니스트위크] 트리플콜라겐 오렌지,8,1374330
2026-07-21,269,[오니스트위크/한정수량] 트리플콜라겐 트로피컬 12주(6box),14,2066359
2026-07-21,270,클리어 스트랩 파우치 + 썸머 시즌 스티커,1,0
2026-07-21,271,클리어 스트랩 파우치 + 썸머 시즌 스티커 + 트로피컬 스크런치,1,0
2026-07-22,11,[최대 25% 할인] 트리플콜라겐 오렌지,2,166579
2026-07-22,14,[25% 할인/공식몰 단독] 트리플콜라겐 오렌지 24주 (9+3박스),2,637600
2026-07-22,70,[최대 25% 할인] 트리플샤인 포도,1,129851
2026-07-22,77,[25% 할인/공식몰 단독] 트리플샤인 포도 24주 (9+3박스),1,294100
2026-07-22,81,[정기구독] 트리플콜라겐 오렌지 4주 (2box),2,118542
2026-07-22,82,[정기구독] 트리플콜라겐 오렌지 12주 (5+1box),1,165150
2026-07-22,90,[25% 할인/공식몰 단독] 글로우 시너지 세트  12주 루틴 (6+6박스),1,302200
2026-07-22,131,[정기구독] 트리플샤인 포도 24주 (9+3box),1,298395
2026-07-22,132,[정기구독] 글로우 시너지 세트 12주 루틴,1,306090
2026-07-22,195,[최대 25% 할인] 케라그로우 망고,2,45698
2026-07-22,214,[Ownist Heart Edition] 오니스트 이너뷰티 3종 기프트 세트,1,80020
2026-07-22,242,[한정기획] 트리플콜라겐 Gift Set (Garden Edition),1,62400
2026-07-22,244,[한정기획] 케라그로우 Gift Set (Garden Edition),2,115800
2026-07-22,269,[오니스트위크/한정수량] 트리플콜라겐 트로피컬 12주(6box),1,149000
2026-07-23,11,[최대 25% 할인] 트리플콜라겐 오렌지,1,26210
2026-07-23,14,[25% 할인/공식몰 단독] 트리플콜라겐 오렌지 24주 (9+3박스),2,601400
2026-07-23,70,[최대 25% 할인] 트리플샤인 포도,2,272580
2026-07-23,81,[정기구독] 트리플콜라겐 오렌지 4주 (2box),3,181299
2026-07-23,84,[정기구독] 트리플샤인 포도 12주 (5+1box),1,165775
2026-07-23,130,[정기구독] 트리플콜라겐 오렌지 24주 (9+3box),1,280755
2026-07-23,132,[정기구독] 글로우 시너지 세트 12주 루틴,1,273870
2026-07-23,215,[정기구독] 케라그로우 망고 4주 (2box),1,59679
2026-07-23,235,트리플샤인 포도 최대 31% 할인 - 구독자 Secret Event,1,19920
2026-07-23,242,[한정기획] 트리플콜라겐 Gift Set (Garden Edition),2,112800
2026-07-23,257,[정기구독] 볼륨 시너지 세트 12주 루틴,2,612180
2026-07-24,11,[최대 25% 할인] 트리플콜라겐 오렌지,5,477370
2026-07-24,14,[25% 할인/공식몰 단독] 트리플콜라겐 오렌지 24주 (9+3박스),2,658560
2026-07-24,70,[최대 25% 할인] 트리플샤인 포도,1,34900
2026-07-24,81,[정기구독] 트리플콜라겐 오렌지 4주 (2box),3,184786
2026-07-24,83,[정기구독] 트리플샤인 포도 4주 (2box),1,59679
2026-07-24,131,[정기구독] 트리플샤인 포도 24주 (9+3box),1,282690
2026-07-24,132,[정기구독] 글로우 시너지 세트 12주 루틴,1,306090
2026-07-24,136,오니스트 파우치 세트,2,65680
2026-07-24,214,[Ownist Heart Edition] 오니스트 이너뷰티 3종 기프트 세트,1,80110
2026-07-24,216,[정기구독]  케라그로우 망고 12주 (5+1box),1,165775
2026-07-24,217,[정기구독] 케라그로우 망고 24주 (9+3box),1,298395
2026-07-24,223,[25% 할인/공식몰 단독] 볼륨 시너지 세트  12주 루틴 (6+6박스),2,618400
2026-07-24,242,[한정기획] 트리플콜라겐 Gift Set (Garden Edition),2,117060
2026-07-24,244,[한정기획] 케라그로우 Gift Set (Garden Edition),1,56400
2026-07-24,256,[정기구독] 볼륨 시너지 세트 6주 루틴,1,170041
2026-07-25,11,[최대 25% 할인] 트리플콜라겐 오렌지,1,128450
2026-07-25,14,[25% 할인/공식몰 단독] 트리플콜라겐 오렌지 24주 (9+3박스),12,3654610
2026-07-25,81,[정기구독] 트리플콜라겐 오렌지 4주 (2box),1,59271
2026-07-25,90,[25% 할인/공식몰 단독] 글로우 시너지 세트  12주 루틴 (6+6박스),4,1208400
2026-07-25,132,[정기구독] 글로우 시너지 세트 12주 루틴,5,1466010
2026-07-25,136,오니스트 파우치 세트,1,67680
2026-07-25,165,[신규회원 전용] 오니스트 체험키트,1,0
2026-07-25,195,[최대 25% 할인] 케라그로우 망고,1,31410
2026-07-25,198,[25% 할인/공식몰 단독] 케라그로우 망고 24주 (9+3박스),1,294100
2026-07-25,215,[정기구독] 케라그로우 망고 4주 (2box),2,112727
2026-07-25,242,[한정기획] 트리플콜라겐 Gift Set (Garden Edition),1,55110
2026-07-25,253,[헤어루틴세트] 오니스트 케라그로우 14포 + 커리쉴 오일세럼 70ml + 헤어팩 100ml,1,37920
2026-07-26,14,[25% 할인/공식몰 단독] 트리플콜라겐 오렌지 24주 (9+3박스),4,1107550
2026-07-26,70,[최대 25% 할인] 트리플샤인 포도,1,28410
2026-07-26,77,[25% 할인/공식몰 단독] 트리플샤인 포도 24주 (9+3박스),2,628200
2026-07-26,81,[정기구독] 트리플콜라겐 오렌지 4주 (2box),1,59271
2026-07-26,82,[정기구독] 트리플콜라겐 오렌지 12주 (5+1box),2,321125
2026-07-26,83,[정기구독] 트리플샤인 포도 4주 (2box),2,116043
2026-07-26,88,[최대 25% 할인] 글로우 시너지 세트,1,0
2026-07-26,90,[25% 할인/공식몰 단독] 글로우 시너지 세트  12주 루틴 (6+6박스),4,1160506
2026-07-26,130,[정기구독] 트리플콜라겐 오렌지 24주 (9+3box),2,594540
2026-07-26,131,[정기구독] 트리플샤인 포도 24주 (9+3box),1,282690
2026-07-26,132,[정기구독] 글로우 시너지 세트 12주 루틴,1,273870
2026-07-26,136,오니스트 파우치 세트,3,61080
2026-07-26,165,[신규회원 전용] 오니스트 체험키트,2,0
2026-07-26,195,[최대 25% 할인] 케라그로우 망고,3,289504
2026-07-26,198,[25% 할인/공식몰 단독] 케라그로우 망고 24주 (9+3박스),1,294100
2026-07-26,214,[Ownist Heart Edition] 오니스트 이너뷰티 3종 기프트 세트,1,89900
2026-07-26,242,[한정기획] 트리플콜라겐 Gift Set (Garden Edition),2,114940
2026-07-26,244,[한정기획] 케라그로우 Gift Set (Garden Edition),1,52800
2026-07-26,253,[헤어루틴세트] 오니스트 케라그로우 14포 + 커리쉴 오일세럼 70ml + 헤어팩 100ml,2,106560
2026-07-27,11,[최대 25% 할인] 트리플콜라겐 오렌지,4,250230
2026-07-27,14,[25% 할인/공식몰 단독] 트리플콜라겐 오렌지 24주 (9+3박스),3,947900
2026-07-27,70,[최대 25% 할인] 트리플샤인 포도,2,165010
2026-07-27,77,[25% 할인/공식몰 단독] 트리플샤인 포도 24주 (9+3박스),1,314100
2026-07-27,81,[정기구독] 트리플콜라겐 오렌지 4주 (2box),2,118542
2026-07-27,82,[정기구독] 트리플콜라겐 오렌지 12주 (5+1box),4,669775
2026-07-27,83,[정기구독] 트리플샤인 포도 4주 (2box),1,56364
2026-07-27,88,[최대 25% 할인] 글로우 시너지 세트,1,110980
2026-07-27,90,[25% 할인/공식몰 단독] 글로우 시너지 세트  12주 루틴 (6+6박스),1,322200
2026-07-27,130,[정기구독] 트리플콜라겐 오렌지 24주 (9+3box),1,297270
2026-07-27,131,[정기구독] 트리플샤인 포도 24주 (9+3box),1,298395
2026-07-27,136,오니스트 파우치 세트,3,194040
2026-07-27,195,[최대 25% 할인] 케라그로우 망고,3,290610
2026-07-27,198,[25% 할인/공식몰 단독] 케라그로우 망고 24주 (9+3박스),2,502060
2026-07-27,214,[Ownist Heart Edition] 오니스트 이너뷰티 3종 기프트 세트,1,86900
2026-07-27,231,오니스트 디스커버리 세트 (트리플콜라겐 1포 + 트리플샤인 1포 + 케라그로우 1포),1,3530
2026-07-27,242,[한정기획] 트리플콜라겐 Gift Set (Garden Edition),1,59400
2026-07-27,244,[한정기획] 케라그로우 Gift Set (Garden Edition),1,53770
2026-07-28,11,[최대 25% 할인] 트리플콜라겐 오렌지,2,114700
2026-07-28,14,[25% 할인/공식몰 단독] 트리플콜라겐 오렌지 24주 (9+3박스),1,330300
2026-07-28,70,[최대 25% 할인] 트리플샤인 포도,4,101605
2026-07-28,77,[25% 할인/공식몰 단독] 트리플샤인 포도 24주 (9+3박스),1,280315
2026-07-28,81,[정기구독] 트리플콜라겐 오렌지 4주 (2box),1,66244
2026-07-28,82,[정기구독] 트리플콜라겐 오렌지 12주 (5+1box),1,155975
2026-07-28,83,[정기구독] 트리플샤인 포도 4주 (2box),2,116043
2026-07-28,88,[최대 25% 할인] 글로우 시너지 세트,1,58498
2026-07-28,90,[25% 할인/공식몰 단독] 글로우 시너지 세트  12주 루틴 (6+6박스),1,302200
2026-07-28,130,[정기구독] 트리플콜라겐 오렌지 24주 (9+3box),1,313785
2026-07-28,136,오니스트 파우치 세트,3,132360
2026-07-28,165,[신규회원 전용] 오니스트 체험키트,1,0
2026-07-28,195,[최대 25% 할인] 케라그로우 망고,2,148525
2026-07-28,198,[25% 할인/공식몰 단독] 케라그로우 망고 24주 (9+3박스),1,282690
2026-07-28,215,[정기구독] 케라그로우 망고 4주 (2box),1,59679
2026-07-28,223,[25% 할인/공식몰 단독] 볼륨 시너지 세트  12주 루틴 (6+6박스),1,322200
2026-07-28,242,[한정기획] 트리플콜라겐 Gift Set (Garden Edition),3,180978
2026-07-29,11,트리플콜라겐 오렌지,3,86603
2026-07-29,14,[25% 할인/공식몰 단독] 트리플콜라겐 오렌지 24주 (9+3박스),2,606600
2026-07-29,70,트리플샤인 포도,1,21543
2026-07-29,77,트리플샤인 포도 24주 (9+3박스),1,291100
2026-07-29,83,[정기구독] 트리플샤인 포도 4주 (2box),1,56364
2026-07-29,84,[정기구독] 트리플샤인 포도 12주 (5+1box),1,148325
2026-07-29,88,글로우 시너지 세트,1,65617
2026-07-29,132,[정기구독] 글로우 시너지 세트 12주 루틴,1,273870
2026-07-29,136,오니스트 파우치 세트,1,0
2026-07-29,165,[신규회원 전용] 오니스트 체험키트,3,4450
2026-07-29,195,[최대 25% 할인] 케라그로우 망고,1,129600
2026-07-29,198,[25% 할인/공식몰 단독] 케라그로우 망고 24주 (9+3박스),1,294100
2026-07-29,223,[25% 할인/공식몰 단독] 볼륨 시너지 세트  12주 루틴 (6+6박스),1,302200
2026-07-29,231,[체험] 오니스트 디스커버리 세트,1,3900
2026-07-29,254,[트라이얼 키트] 오니스트 케라그로우 3포 + 커리쉴 오일세럼 13ml + 헤어팩 30ml,1,16303
2026-07-30,11,트리플콜라겐 오렌지,4,89967
2026-07-30,14,트리플콜라겐 오렌지 24주 (9+3박스),2,637600
2026-07-30,70,트리플샤인 포도,3,91720
2026-07-30,77,트리플샤인 포도 24주 (9+3박스),1,236350
2026-07-30,81,[정기구독] 트리플콜라겐 오렌지 4주 (2box),3,177813
2026-07-30,82,[정기구독] 트리플콜라겐 오렌지 12주 (5+1box),1,155975
2026-07-30,83,[정기구독] 트리플샤인 포도 4주 (2box),1,56364
2026-07-30,88,글로우 시너지 세트,1,55601
2026-07-30,90,글로우 시너지 세트  12주 루틴 (6+6박스),2,475492
2026-07-30,131,[정기구독] 트리플샤인 포도 24주 (9+3box),1,282690
2026-07-30,136,오니스트 파우치 세트,1,1440
2026-07-30,165,[신규회원 전용] 오니스트 체험키트,1,0
2026-07-30,195,케라그로우 망고,1,119150
2026-07-30,214,데일리 뷰티 3종 선물 세트,1,82600
2026-07-30,215,[정기구독] 케라그로우 망고 4주 (2box),1,56364
2026-07-31,11,트리플콜라겐 오렌지,3,305280
2026-07-31,14,트리플콜라겐 오렌지 24주 (9+3박스),6,1779755
2026-07-31,70,트리플샤인 포도,1,31410
2026-07-31,81,[정기구독] 트리플콜라겐 오렌지 4주 (2box),3,181299
2026-07-31,82,[정기구독] 트리플콜라겐 오렌지 12주 (5+1box),3,467925
2026-07-31,105,[정기구독] 글로우 시너지 세트 6주 루틴,1,152142
2026-07-31,136,오니스트 파우치 세트,2,110672
2026-07-31,195,케라그로우 망고,1,120520
2026-07-31,231,[체험] 오니스트 디스커버리 세트,1,3081
2026-07-31,242,[가든에디션] 트리플콜라겐 오렌지,1,59400
2026-07-31,243,[가든에디션] 트리플샤인 포도,2,98759
2026-07-31,244,[가든에디션] 케라그로우 망고,1,47020
2026-08-01,11,트리플콜라겐 오렌지,2,172858
2026-08-01,14,트리플콜라겐 오렌지 24주 (9+3박스),3,970900
2026-08-01,77,트리플샤인 포도 24주 (9+3박스),2,576790
2026-08-01,81,[정기구독] 트리플콜라겐 오렌지 4주 (2box),2,118542
2026-08-01,82,[정기구독] 트리플콜라겐 오렌지 12주 (5+1box),1,165150
2026-08-01,83,[정기구독] 트리플샤인 포도 4주 (2box),1,56364
2026-08-01,88,글로우 시너지 세트,1,61220
2026-08-01,90,글로우 시너지 세트  12주 루틴 (6+6박스),1,302200
2026-08-01,130,[정기구독] 트리플콜라겐 오렌지 24주 (9+3box),1,280755
2026-08-01,132,[정기구독] 글로우 시너지 세트 12주 루틴,1,273870
2026-08-01,195,케라그로우 망고,2,152900
2026-08-01,198,케라그로우 망고 24주 (9+3박스),1,314100
2026-08-01,215,[정기구독] 케라그로우 망고 4주 (2box),1,56364
2026-08-01,225,볼륨 시너지 세트,1,68020
2026-08-02,11,트리플콜라겐 오렌지,4,437460
2026-08-02,14,트리플콜라겐 오렌지 24주 (9+3박스),4,1228170
2026-08-02,70,트리플샤인 포도,2,56680
2026-08-02,81,[정기구독] 트리플콜라겐 오렌지 4주 (2box),5,313787
2026-08-02,82,[정기구독] 트리플콜라겐 오렌지 12주 (5+1box),1,155975
2026-08-02,83,[정기구독] 트리플샤인 포도 4주 (2box),2,116043
2026-08-02,84,[정기구독] 트리플샤인 포도 12주 (5+1box),1,165775
2026-08-02,88,글로우 시너지 세트,3,218960
2026-08-02,90,글로우 시너지 세트  12주 루틴 (6+6박스),3,862500
2026-08-02,130,[정기구독] 트리플콜라겐 오렌지 24주 (9+3box),1,313785
2026-08-02,131,[정기구독] 트리플샤인 포도 24주 (9+3box),1,266985
2026-08-02,132,[정기구독] 글로우 시너지 세트 12주 루틴,2,579960
2026-08-02,136,오니스트 파우치 세트,2,66120
2026-08-02,195,케라그로우 망고,4,231511
2026-08-02,198,케라그로우 망고 24주 (9+3박스),1,294100
2026-08-02,217,[정기구독] 케라그로우 망고 24주 (9+3box),2,596790
2026-08-02,223,볼륨 시너지 세트  12주 루틴 (6+6박스),1,322200
2026-08-02,231,[체험] 오니스트 디스커버리 세트,1,3569
2026-08-02,242,[가든에디션] 트리플콜라겐 오렌지,1,47650
2026-08-02,243,[가든에디션] 트리플샤인 포도,2,115800
2026-08-02,244,[가든에디션] 케라그로우 망고,1,45360
2026-08-03,11,트리플콜라겐 오렌지,7,527361
2026-08-03,14,트리플콜라겐 오렌지 24주 (9+3박스),11,3378274
2026-08-03,70,트리플샤인 포도,2,276990
2026-08-03,81,[정기구독] 트리플콜라겐 오렌지 4주 (2box),5,303328
2026-08-03,83,[정기구독] 트리플샤인 포도 4주 (2box),1,59679
2026-08-03,90,글로우 시너지 세트  12주 루틴 (6+6박스),2,589692
2026-08-03,105,[정기구독] 글로우 시너지 세트 6주 루틴,1,152142
2026-08-03,132,[정기구독] 글로우 시너지 세트 12주 루틴,1,273870
2026-08-03,136,오니스트 파우치 세트,3,63936
2026-08-03,195,케라그로우 망고,4,290289
2026-08-03,198,케라그로우 망고 24주 (9+3박스),1,314100
2026-08-03,215,[정기구독] 케라그로우 망고 4주 (2box),2,119359
2026-08-03,231,[체험] 오니스트 디스커버리 세트,2,7404
2026-08-03,242,[가든에디션] 트리플콜라겐 오렌지,2,112305
2026-08-03,243,[가든에디션] 트리플샤인 포도,3,172215
2026-08-03,244,[가든에디션] 케라그로우 망고,2,99517
2026-08-03,273,[오니스트X드롭드롭드롭] 딜리백 세트,53,3262569
2026-08-04,11,트리플콜라겐 오렌지,5,358368
2026-08-04,14,트리플콜라겐 오렌지 24주 (9+3박스),3,855295
2026-08-04,77,트리플샤인 포도 24주 (9+3박스),1,310999
2026-08-04,81,[정기구독] 트리플콜라겐 오렌지 4주 (2box),2,129001
2026-08-04,90,글로우 시너지 세트  12주 루틴 (6+6박스),4,1112190
2026-08-04,105,[정기구독] 글로우 시너지 세트 6주 루틴,1,170041
2026-08-04,136,오니스트 파우치 세트,2,68980
2026-08-04,195,케라그로우 망고,1,31500
2026-08-04,198,케라그로우 망고 24주 (9+3박스),2,545390
2026-08-04,214,데일리 뷰티 3종 선물 세트,1,86900
2026-08-04,223,볼륨 시너지 세트  12주 루틴 (6+6박스),1,309990
2026-08-04,242,[가든에디션] 트리플콜라겐 오렌지,3,165644
2026-08-04,243,[가든에디션] 트리플샤인 포도,1,59400
2026-08-04,273,[오니스트X드롭드롭드롭] 딜리백 세트,15,945768
2026-08-05,11,트리플콜라겐 오렌지,3,91990
2026-08-05,14,트리플콜라겐 오렌지 24주 (9+3박스),4,1281200
2026-08-05,70,트리플샤인 포도,3,381220
2026-08-05,81,[정기구독] 트리플콜라겐 오렌지 4주 (2box),3,184786
2026-08-05,83,[정기구독] 트리플샤인 포도 4주 (2box),2,112728
2026-08-05,88,글로우 시너지 세트,1,108180
2026-08-05,90,글로우 시너지 세트  12주 루틴 (6+6박스),1,322200
2026-08-05,105,[정기구독] 글로우 시너지 세트 6주 루틴,1,152142
2026-08-05,195,케라그로우 망고,1,34900
2026-08-05,198,케라그로우 망고 24주 (9+3박스),1,314100
2026-08-05,214,데일리 뷰티 3종 선물 세트,2,166800
2026-08-05,215,[정기구독] 케라그로우 망고 4주 (2box),2,119359
2026-08-05,223,볼륨 시너지 세트  12주 루틴 (6+6박스),1,315980
2026-08-05,225,볼륨 시너지 세트,1,110980
2026-08-05,242,[가든에디션] 트리플콜라겐 오렌지,1,62400
2026-08-05,244,[가든에디션] 케라그로우 망고,1,59400
2026-08-05,256,[정기구독] 볼륨 시너지 세트 6주 루틴,1,170041
2026-08-05,262,글로우 시너지 선물 세트,1,71600
2026-08-05,273,[오니스트X드롭드롭드롭] 딜리백 세트,16,1013138
2026-08-06,11,트리플콜라겐 오렌지,2,263137
2026-08-06,14,트리플콜라겐 오렌지 24주 (9+3박스),1,284058
2026-08-06,81,[정기구독] 트리플콜라겐 오렌지 4주 (2box),2,129001
2026-08-06,88,글로우 시너지 세트,1,91720
2026-08-06,90,글로우 시너지 세트  12주 루틴 (6+6박스),4,1190360
2026-08-06,130,[정기구독] 트리플콜라겐 오렌지 24주 (9+3box),1,313785
2026-08-06,136,오니스트 파우치 세트,1,0
2026-08-06,195,케라그로우 망고,2,54430
2026-08-06,198,케라그로우 망고 24주 (9+3박스),1,249383
2026-08-06,217,[정기구독] 케라그로우 망고 24주 (9+3box),1,282690
2026-08-06,225,볼륨 시너지 세트,3,185818
2026-08-06,231,[체험] 오니스트 디스커버리 세트,1,3900
2026-08-06,242,[가든에디션] 트리플콜라겐 오렌지,1,60990
2026-08-06,243,[가든에디션] 트리플샤인 포도,1,56400
2026-08-06,244,[가든에디션] 케라그로우 망고,2,118800
2026-08-06,273,[오니스트X드롭드롭드롭] 딜리백 세트,15,975650
2026-08-07,11,트리플콜라겐 오렌지,2,292121
2026-08-07,14,트리플콜라겐 오렌지 24주 (9+3박스),6,1908770
2026-08-07,77,트리플샤인 포도 24주 (9+3박스),2,588200
2026-08-07,81,[정기구독] 트리플콜라겐 오렌지 4주 (2box),2,118542
2026-08-07,82,[정기구독] 트리플콜라겐 오렌지 12주 (5+1box),1,155975
2026-08-07,84,[정기구독] 트리플샤인 포도 12주 (5+1box),1,157050
2026-08-07,90,글로우 시너지 세트  12주 루틴 (6+6박스),2,640940
2026-08-07,131,[정기구독] 트리플샤인 포도 24주 (9+3box),1,266985
2026-08-07,195,케라그로우 망고,2,65959
2026-08-07,198,케라그로우 망고 24주 (9+3박스),2,573810
2026-08-07,214,데일리 뷰티 3종 선물 세트,1,89900
2026-08-07,225,볼륨 시너지 세트,1,92370
2026-08-07,242,[가든에디션] 트리플콜라겐 오렌지,1,56160
2026-08-07,243,[가든에디션] 트리플샤인 포도,1,59400
2026-08-07,253,[헤어루틴세트] 오니스트 케라그로우 14포 + 커리쉴 오일세럼 70ml + 헤어팩 100ml,1,38150
2026-08-07,262,글로우 시너지 선물 세트,1,71600
2026-08-07,273,[오니스트X드롭드롭드롭] 딜리백 세트,24,1493786
2026-08-08,11,트리플콜라겐 오렌지,3,395272
2026-08-08,14,트리플콜라겐 오렌지 24주 (9+3박스),2,611058
2026-08-08,77,트리플샤인 포도 24주 (9+3박스),1,314100
2026-08-08,82,[정기구독] 트리플콜라겐 오렌지 12주 (5+1box),1,155975
2026-08-08,90,글로우 시너지 세트  12주 루틴 (6+6박스),4,1019669
2026-08-08,130,[정기구독] 트리플콜라겐 오렌지 24주 (9+3box),1,280755
2026-08-08,136,오니스트 파우치 세트,4,136800
2026-08-08,195,케라그로우 망고,2,50614
2026-08-08,198,케라그로우 망고 24주 (9+3박스),2,585200
2026-08-08,242,[가든에디션] 트리플콜라겐 오렌지,1,62400
2026-08-08,244,[가든에디션] 케라그로우 망고,1,53460
2026-08-08,273,[오니스트X드롭드롭드롭] 딜리백 세트,23,1444516
2026-08-09,11,트리플콜라겐 오렌지,7,619468
2026-08-09,14,트리플콜라겐 오렌지 24주 (9+3박스),1,296110
2026-08-09,70,트리플샤인 포도,1,24780
2026-08-09,81,[정기구독] 트리플콜라겐 오렌지 4주 (2box),3,188272
2026-08-09,82,[정기구독] 트리플콜라겐 오렌지 12주 (5+1box),3,486275
2026-08-09,83,[정기구독] 트리플샤인 포도 4주 (2box),2,119359
2026-08-09,88,글로우 시너지 세트,1,110980
2026-08-09,90,글로우 시너지 세트  12주 루틴 (6+6박스),4,1172753
2026-08-09,130,[정기구독] 트리플콜라겐 오렌지 24주 (9+3box),3,924840
2026-08-09,132,[정기구독] 글로우 시너지 세트 12주 루틴,1,273870
2026-08-09,136,오니스트 파우치 세트,2,128736
2026-08-09,195,케라그로우 망고,4,344023
2026-08-09,198,케라그로우 망고 24주 (9+3박스),1,314100
2026-08-09,223,볼륨 시너지 세트  12주 루틴 (6+6박스),1,277092
2026-08-09,273,[오니스트X드롭드롭드롭] 딜리백 세트,12,751638
2026-08-10,11,트리플콜라겐 오렌지,3,198180
2026-08-10,14,트리플콜라겐 오렌지 24주 (9+3박스),8,2351950
2026-08-10,70,트리플샤인 포도,1,18548
2026-08-10,77,트리플샤인 포도 24주 (9+3박스),2,542380
2026-08-10,82,[정기구독] 트리플콜라겐 오렌지 12주 (5+1box),1,165150
2026-08-10,83,[정기구독] 트리플샤인 포도 4주 (2box),1,62995
2026-08-10,105,[정기구독] 글로우 시너지 세트 6주 루틴,2,304284
2026-08-10,130,[정기구독] 트리플콜라겐 오렌지 24주 (9+3box),1,313785
2026-08-10,131,[정기구독] 트리플샤인 포도 24주 (9+3box),1,282690
2026-08-10,136,오니스트 파우치 세트,2,54406
2026-08-10,195,케라그로우 망고,3,412170
2026-08-10,242,[가든에디션] 트리플콜라겐 오렌지,1,54160
2026-08-10,273,[오니스트X드롭드롭드롭] 딜리백 세트,7,441908
2026-08-11,11,트리플콜라겐 오렌지,3,82616
2026-08-11,14,트리플콜라겐 오렌지 24주 (9+3박스),8,2294950
2026-08-11,70,트리플샤인 포도,2,171010
2026-08-11,81,[정기구독] 트리플콜라겐 오렌지 4주 (2box),5,303328
2026-08-11,84,[정기구독] 트리플샤인 포도 12주 (5+1box),1,157050
2026-08-11,88,글로우 시너지 세트,2,173163
2026-08-11,90,글로우 시너지 세트  12주 루틴 (6+6박스),3,926839
2026-08-11,130,[정기구독] 트리플콜라겐 오렌지 24주 (9+3box),1,297270
2026-08-11,136,오니스트 파우치 세트,5,201279
2026-08-11,195,케라그로우 망고,1,34900
2026-08-11,215,[정기구독] 케라그로우 망고 4주 (2box),1,56364
2026-08-11,217,[정기구독] 케라그로우 망고 24주 (9+3box),1,298395
2026-08-11,223,볼륨 시너지 세트  12주 루틴 (6+6박스),2,606060
2026-08-11,231,[체험] 오니스트 디스커버리 세트,3,10754
2026-08-11,257,[정기구독] 볼륨 시너지 세트 12주 루틴,1,289980
2026-08-11,273,[한정 콜라보] 썸머 야외활동 Lover 세트 (보냉백 증정),27,1689147
2026-08-12,11,트리플콜라겐 오렌지,6,398990
2026-08-12,14,트리플콜라겐 오렌지 24주 (9+3박스),4,1227716
2026-08-12,70,트리플샤인 포도,3,94810
2026-08-12,77,트리플샤인 포도 24주 (9+3박스),1,314100
2026-08-12,81,[정기구독] 트리플콜라겐 오렌지 4주 (2box),4,244056
2026-08-12,82,[정기구독] 트리플콜라겐 오렌지 12주 (5+1box),2,330300
2026-08-12,88,글로우 시너지 세트,1,53838
2026-08-12,90,글로우 시너지 세트  12주 루틴 (6+6박스),2,604400
2026-08-12,130,[정기구독] 트리플콜라겐 오렌지 24주 (9+3box),1,297270
2026-08-12,136,오니스트 파우치 세트,2,132360
2026-08-12,195,케라그로우 망고,5,511890
2026-08-12,198,케라그로우 망고 24주 (9+3박스),1,314100
2026-08-12,215,[정기구독] 케라그로우 망고 4주 (2box),1,59679
2026-08-12,225,볼륨 시너지 세트,1,65020
2026-08-12,273,[한정 콜라보] 썸머 야외활동 Lover 세트,12,769258
2026-08-13,11,트리플콜라겐 오렌지,2,46876
2026-08-13,14,트리플콜라겐 오렌지 24주 (9+3박스),2,642300
2026-08-13,70,트리플샤인 포도,2,161010
2026-08-13,77,트리플샤인 포도 24주 (9+3박스),1,279690
2026-08-13,81,[정기구독] 트리플콜라겐 오렌지 4주 (2box),4,237084
2026-08-13,82,[정기구독] 트리플콜라겐 오렌지 12주 (5+1box),2,321125
2026-08-13,83,[정기구독] 트리플샤인 포도 4주 (2box),2,112728
2026-08-13,90,글로우 시너지 세트  12주 루틴 (6+6박스),1,302200
2026-08-13,105,[정기구독] 글로우 시너지 세트 6주 루틴,1,152142
2026-08-13,130,[정기구독] 트리플콜라겐 오렌지 24주 (9+3box),1,313785
2026-08-13,132,[정기구독] 글로우 시너지 세트 12주 루틴,1,273870
2026-08-13,136,오니스트 파우치 세트,3,1440
2026-08-13,195,케라그로우 망고,1,28410
2026-08-13,216,[정기구독]  케라그로우 망고 12주 (5+1box),1,148325
2026-08-13,244,[가든에디션] 케라그로우 망고,2,99860
2026-08-13,273,[한정 콜라보] 썸머 야외활동 Lover 세트,7,443570
2026-08-14,11,트리플콜라겐 오렌지,4,323571
2026-08-14,14,트리플콜라겐 오렌지 24주 (9+3박스),3,987600
2026-08-14,70,트리플샤인 포도,1,31410
2026-08-14,77,트리플샤인 포도 24주 (9+3박스),1,294100
2026-08-14,81,[정기구독] 트리플콜라겐 오렌지 4주 (2box),4,240570
2026-08-14,82,[정기구독] 트리플콜라겐 오렌지 12주 (5+1box),3,486275
2026-08-14,88,글로우 시너지 세트,1,82620
2026-08-14,90,글로우 시너지 세트  12주 루틴 (6+6박스),2,611680
2026-08-14,136,오니스트 파우치 세트,4,91063
2026-08-14,195,케라그로우 망고,1,169265
2026-08-14,198,케라그로우 망고 24주 (9+3박스),1,294100
2026-08-14,223,볼륨 시너지 세트  12주 루틴 (6+6박스),1,322200
2026-08-14,231,[체험] 오니스트 디스커버리 세트,1,1709
2026-08-14,253,[헤어루틴세트] 오니스트 케라그로우 14포 + 커리쉴 오일세럼 70ml + 헤어팩 100ml,1,56900
2026-08-14,273,[한정 콜라보] 썸머 야외활동 Lover 세트,13,829469
2026-08-15,11,트리플콜라겐 오렌지,3,98210
2026-08-15,14,트리플콜라겐 오렌지 24주 (9+3박스),3,966441
2026-08-15,70,트리플샤인 포도,1,30573
2026-08-15,77,트리플샤인 포도 24주 (9+3박스),2,623959
2026-08-15,81,[정기구독] 트리플콜라겐 오렌지 4주 (2box),2,118542
2026-08-15,82,[정기구독] 트리플콜라겐 오렌지 12주 (5+1box),2,311950
2026-08-15,84,[정기구독] 트리플샤인 포도 12주 (5+1box),1,148325
2026-08-15,88,글로우 시너지 세트,1,104855
2026-08-15,90,글로우 시너지 세트  12주 루틴 (6+6박스),2,624400
2026-08-15,136,오니스트 파우치 세트,1,64680
2026-08-15,195,케라그로우 망고,4,129868
2026-08-15,198,케라그로우 망고 24주 (9+3박스),1,265926
2026-08-15,217,[정기구독] 케라그로우 망고 24주 (9+3box),1,282690
2026-08-15,223,볼륨 시너지 세트  12주 루틴 (6+6박스),1,322200
2026-08-15,225,볼륨 시너지 세트,2,168666
2026-08-15,231,[체험] 오니스트 디스커버리 세트,1,3685
2026-08-15,273,[한정 콜라보] 썸머 야외활동 Lover 세트,14,877913
2026-08-16,11,트리플콜라겐 오렌지,5,460778
2026-08-16,81,[정기구독] 트리플콜라겐 오렌지 4주 (2box),1,59271
2026-08-16,82,[정기구독] 트리플콜라겐 오렌지 12주 (5+1box),1,155975
2026-08-16,83,[정기구독] 트리플샤인 포도 4주 (2box),2,112728
2026-08-16,90,글로우 시너지 세트  12주 루틴 (6+6박스),3,867693
2026-08-16,105,[정기구독] 글로우 시너지 세트 6주 루틴,1,170041
2026-08-16,130,[정기구독] 트리플콜라겐 오렌지 24주 (9+3box),2,578025
2026-08-16,195,케라그로우 망고,1,115901
2026-08-16,198,케라그로우 망고 24주 (9+3박스),1,294100
2026-08-16,215,[정기구독] 케라그로우 망고 4주 (2box),1,62995
2026-08-16,253,[헤어루틴세트] 오니스트 케라그로우 14포 + 커리쉴 오일세럼 70ml + 헤어팩 100ml,1,56223
2026-08-16,273,[한정 콜라보] 썸머 야외활동 Lover 세트,15,951508
2026-08-17,11,트리플콜라겐 오렌지,2,65085
2026-08-17,14,트리플콜라겐 오렌지 24주 (9+3박스),7,1679900
2026-08-17,70,트리플샤인 포도,3,177990
2026-08-17,81,[정기구독] 트리플콜라겐 오렌지 4주 (2box),2,118542
2026-08-17,82,[정기구독] 트리플콜라겐 오렌지 12주 (5+1box),1,165150
2026-08-17,84,[정기구독] 트리플샤인 포도 12주 (5+1box),1,165775
2026-08-17,90,글로우 시너지 세트  12주 루틴 (6+6박스),1,277092
2026-08-17,130,[정기구독] 트리플콜라겐 오렌지 24주 (9+3box),1,313785
2026-08-17,132,[정기구독] 글로우 시너지 세트 12주 루틴,2,563850
2026-08-17,195,케라그로우 망고,1,31410
2026-08-17,198,케라그로우 망고 24주 (9+3박스),1,314100
2026-08-17,215,[정기구독] 케라그로우 망고 4주 (2box),1,56364
2026-08-17,217,[정기구독] 케라그로우 망고 24주 (9+3box),1,298395
2026-08-17,225,볼륨 시너지 세트,1,93080
2026-08-17,273,[한정 콜라보] 썸머 야외활동 Lover 세트,5,319593
2026-08-18,14,트리플콜라겐 오렌지 24주 (9+3박스),1,330300
2026-08-18,77,트리플샤인 포도 24주 (9+3박스),1,314100
2026-08-18,83,[정기구독] 트리플샤인 포도 4주 (2box),1,56364
2026-08-18,131,[정기구독] 트리플샤인 포도 24주 (9+3box),1,298395
2026-08-18,198,케라그로우 망고 24주 (9+3박스),1,294100
2026-08-18,244,[가든에디션] 케라그로우 망고,1,56400
2026-08-18,256,[정기구독] 볼륨 시너지 세트 6주 루틴,1,161091
2026-08-18,273,[한정 콜라보] 썸머 야외활동 Lover 세트,2,122990
